{
  "rootId": "93b2f5e6-f135-4595-b0c2-3def18cc91bb",
  "diograph": {
    "93b2f5e6-f135-4595-b0c2-3def18cc91bb": {
      "id": "93b2f5e6-f135-4595-b0c2-3def18cc91bb",
      "text": "random-folder",
      "image": "/Users/Jouni/Code/diograph-folder-organizer/random-folder/PIXNIO-12656-2816x2112.jpeg",
      "date": "2013-06-25T23:11:29.000Z",
      "created": "2021-06-29T18:13:55.911Z",
      "modified": "2021-06-29T18:14:42.376Z",
      "links": {
        "PIXNIO-12656-2816x2112.jpeg": {
          "id": "34d0239d-0213-4a91-855f-97ef03c2d261"
        },
        "PIXNIO-53541-1782x1188.jpeg": {
          "id": "568b7047-5f59-4008-a8ae-12f4e2c5d1b5"
        },
        "PIXNIO-53543-1782x1188.jpeg": {
          "id": "46ff8078-db0d-4871-bef3-b3f3abcc81b1"
        },
        "some-video.mov": {
          "id": "28c23943-a320-4a33-ab7c-50084664be12"
        },
        "test-image-without-date.png": {
          "id": "ec947a28-f366-4db7-9dc1-4fee957e9120"
        }
      }
    },
    "34d0239d-0213-4a91-855f-97ef03c2d261": {
      "id": "34d0239d-0213-4a91-855f-97ef03c2d261",
      "image": "/Users/Jouni/Code/diograph-folder-organizer/random-folder/PIXNIO-12656-2816x2112.jpeg",
      "created": "2021-02-25T12:27:27.226Z",
      "modified": "2021-06-29T18:40:48.466Z",
      "data": [
        {
          "@context": "https://schema.org",
          "@type": "ImageObject",
          "contentUrl": "/Users/Jouni/Code/diograph-folder-organizer/random-folder/PIXNIO-12656-2816x2112.jpeg",
          "height": 2112,
          "width": 2816,
          "encodingFormat": "image/jpeg"
        }
      ],
      "links": {
        "73b093c2-bf0f-4bb4-8844-a306bf3ab0b7": {
          "id": "73b093c2-bf0f-4bb4-8844-a306bf3ab0b7"
        }
      }
    },
    "568b7047-5f59-4008-a8ae-12f4e2c5d1b5": {
      "id": "568b7047-5f59-4008-a8ae-12f4e2c5d1b5",
      "image": "/Users/Jouni/Code/diograph-folder-organizer/random-folder/PIXNIO-53541-1782x1188.jpeg",
      "date": "2013-06-25T23:11:49.000Z",
      "created": "2021-02-25T12:27:27.701Z",
      "modified": "2021-06-29T18:41:53.182Z",
      "data": [
        {
          "@context": "https://schema.org",
          "@type": "ImageObject",
          "contentUrl": "/Users/Jouni/Code/diograph-folder-organizer/random-folder/PIXNIO-53541-1782x1188.jpeg",
          "height": 1188,
          "width": 1782,
          "encodingFormat": "image/jpeg"
        }
      ],
      "links": {
        "b8aff7c1-7d70-479c-8d9e-6505c541650e": {
          "id": "b8aff7c1-7d70-479c-8d9e-6505c541650e"
        }
      }
    },
    "46ff8078-db0d-4871-bef3-b3f3abcc81b1": {
      "id": "46ff8078-db0d-4871-bef3-b3f3abcc81b1",
      "image": "/Users/Jouni/Code/diograph-folder-organizer/random-folder/PIXNIO-53543-1782x1188.jpeg",
      "date": "2013-06-25T23:11:09.000Z",
      "created": "2021-02-25T12:27:27.707Z",
      "modified": "2021-06-29T18:42:19.561Z",
      "data": [
        {
          "@context": "https://schema.org",
          "@type": "ImageObject",
          "contentUrl": "/Users/Jouni/Code/diograph-folder-organizer/random-folder/PIXNIO-53543-1782x1188.jpeg",
          "height": 1188,
          "width": 1782,
          "encodingFormat": "image/jpeg"
        }
      ],
      "links": {
        "73b093c2-bf0f-4bb4-8844-a306bf3ab0b7": {
          "id": "73b093c2-bf0f-4bb4-8844-a306bf3ab0b7"
        },
        "b8aff7c1-7d70-479c-8d9e-6505c541650e": {
          "id": "b8aff7c1-7d70-479c-8d9e-6505c541650e"
        }
      }
    },
    "28c23943-a320-4a33-ab7c-50084664be12": {
      "id": "28c23943-a320-4a33-ab7c-50084664be12",
      "text": "some-video.mov",
      "image": "data:image/png;base64,iVBORw0KGgoAAAANSUhEUgAAAAEAAAABCAYAAAAfFcSJAAAADUlEQVR42mN8GmnyHwAGEAJzBJT/2AAAAABJRU5ErkJggg==",
      "created": "2021-05-27T17:54:41.975Z",
      "modified": "2021-05-27T17:54:42.009Z",
      "data": [
        {
          "@context": "https://schema.org",
          "@type": "VideoObject",
          "contentUrl": "some-video.mov",
          "encodingFormat": "video/mp4"
        }
      ]
    },
    "ec947a28-f366-4db7-9dc1-4fee957e9120": {
      "id": "ec947a28-f366-4db7-9dc1-4fee957e9120",
      "image": "test-image-without-date.png",
      "created": "2021-02-25T12:27:28.128Z",
      "modified": "2021-02-25T12:27:28.129Z",
      "data": [
        {
          "@context": "https://schema.org",
          "@type": "ImageObject",
          "contentUrl": "test-image-without-date.png",
          "height": 162,
          "width": 300,
          "encodingFormat": "image/png"
        }
      ]
    },
    "73b093c2-bf0f-4bb4-8844-a306bf3ab0b7": {
      "text": "Jane",
      "data": [
        {
          "@context": "https://schema.org",
          "@type": "Person"
        }
      ],
      "image": "data:image/png;base64,iVBORw0KGgoAAAANSUhEUgAAAAEAAAABCAYAAAAfFcSJAAAADUlEQVR42mN8GmnyHwAGEAJzBJT/2AAAAABJRU5ErkJggg==",
      "id": "73b093c2-bf0f-4bb4-8844-a306bf3ab0b7",
      "created": "2021-06-29T18:40:48.466Z",
      "links": {
        "34d0239d-0213-4a91-855f-97ef03c2d261": {
          "id": "34d0239d-0213-4a91-855f-97ef03c2d261"
        },
        "46ff8078-db0d-4871-bef3-b3f3abcc81b1": {
          "id": "46ff8078-db0d-4871-bef3-b3f3abcc81b1"
        }
      }
    },
    "b8aff7c1-7d70-479c-8d9e-6505c541650e": {
      "text": "Kayaking at Potomac",
      "image": "data:image/png;base64,iVBORw0KGgoAAAANSUhEUgAAAAEAAAABCAYAAAAfFcSJAAAADUlEQVR42mOcfdT2PwAGPgKeWQwJuAAAAABJRU5ErkJggg==",
      "id": "b8aff7c1-7d70-479c-8d9e-6505c541650e",
      "created": "2021-06-29T18:41:53.181Z",
      "links": {
        "568b7047-5f59-4008-a8ae-12f4e2c5d1b5": {
          "id": "568b7047-5f59-4008-a8ae-12f4e2c5d1b5"
        },
        "46ff8078-db0d-4871-bef3-b3f3abcc81b1": {
          "id": "46ff8078-db0d-4871-bef3-b3f3abcc81b1"
        }
      },
      "data": [
        {
          "@context": "https://schema.org",
          "@type": "Event"
        }
      ]
    }
  }
}